giaovien,mappct,mamon,lop,tuan,tietthu,tenbaihoc
Đỗ Thị Hoàng Khanh,PPCT_Toan6,TOAN,6,1,1,Bài 1. Tập hợp
Đỗ Thị Hoàng Khanh,PPCT_Toan6,TOAN,6,1,2,Bài 2. Cách ghi số tự nhiên
Đỗ Thị Hoàng Khanh,PPCT_Toan6,TOAN,6,1,3,Bài 3. Thứ tự trong tập hợp các số tự nhiên
Đỗ Thị Hoàng Khanh,PPCT_Toan6,TOAN,6,2,4,Bài 4. Phép cộng và phép trừ số tự nhiên
Đỗ Thị Hoàng Khanh,PPCT_Toan6,TOAN,6,2,"5,6",Bài 5. Phép nhân và phép chia số tự nhiên
Đỗ Thị Hoàng Khanh,PPCT_Toan6,TOAN,6,3,7,Luyện tập chung
Đỗ Thị Hoàng Khanh,PPCT_Toan6,TOAN,6,3,"8,9",Bài 6. Luỹ thừa với số mũ tự nhiên
Đỗ Thị Hoàng Khanh,PPCT_Toan6,TOAN,6,4,10,Bài 7. Thứ tự thực hiện các phép tính
Đỗ Thị Hoàng Khanh,PPCT_Toan6,TOAN,6,4,11,Luyện tập chung
Đỗ Thị Hoàng Khanh,PPCT_Toan6,TOAN,6,4,12,Bài tập cuối chương I
Đỗ Thị Hoàng Khanh,PPCT_Toan6,TOAN,6,5,"13,14",Bài 8. Quan hệ chia hết và tính chất
Đỗ Thị Hoàng Khanh,PPCT_Toan6,TOAN,6,"5,6","15,16",Bài 9. Dấu hiệu chia hết
Đỗ Thị Hoàng Khanh,PPCT_Toan6,TOAN,6,6,"17,18",Bài 10. Số nguyên tố
Đỗ Thị Hoàng Khanh,PPCT_Toan6,TOAN,6,7,19,Luyện tập chung
Đỗ Thị Hoàng Khanh,PPCT_Toan6,TOAN,6,7,"20,21",Bài 11. Ước chung. Ước chung lớn nhất
Đỗ Thị Hoàng Khanh,PPCT_Toan6,TOAN,6,8,"22,23",Bài 12. Bội chung. Bội chung nhỏ nhất
Đỗ Thị Hoàng Khanh,PPCT_Toan6,TOAN,6,8,24,Ôn tập giữa kì I
Đỗ Thị Hoàng Khanh,PPCT_Toan6,TOAN,6,9,"25,26",Kiểm tra giữa kì I
Đỗ Thị Hoàng Khanh,PPCT_Toan6,TOAN,6,9,27,Luyện tập chung
Đỗ Thị Hoàng Khanh,PPCT_Toan6,TOAN,6,10,28,Bài tập cuối chương II
Đỗ Thị Hoàng Khanh,PPCT_Toan6,TOAN,6,"10,11","29,30",Bài 13. Tập hợp các số nguyên
Đỗ Thị Hoàng Khanh,PPCT_Toan6,TOAN,6,"11,12","31,32,33",Bài 14. Phép cộng và phép trừ số nguyên
Đỗ Thị Hoàng Khanh,PPCT_Toan6,TOAN,6,13,34,Bài 15. Quy tắc dấu ngoặc
Đỗ Thị Hoàng Khanh,PPCT_Toan6,TOAN,6,"13,14","35,36",Luyện tập chung
Đỗ Thị Hoàng Khanh,PPCT_Toan6,TOAN,6,"14,15","37,38",Bài 16. Phép nhân số nguyên
Đỗ Thị Hoàng Khanh,PPCT_Toan6,TOAN,6,15,39,Bài 17. Phép chia hết. Ước và bội của một số nguyên
Đỗ Thị Hoàng Khanh,PPCT_Toan6,TOAN,6,16,40,Luyện tập chung
Đỗ Thị Hoàng Khanh,PPCT_Toan6,TOAN,6,16,41,Ôn tập học kì I
Đỗ Thị Hoàng Khanh,PPCT_Toan6,TOAN,6,17,42,Luyện tập chung
Đỗ Thị Hoàng Khanh,PPCT_Toan6,TOAN,6,17,43,Bài tập cuối chương III
Đỗ Thị Hoàng Khanh,PPCT_Toan6,TOAN,6,18,"44,45",Bài 23. Mở rộng phân số. Phân số bằng nhau
Đỗ Thị Hoàng Khanh,PPCT_Toan6,TOAN,6,19,"46,47",Bài 24. So sánh phân số. Hỗn số dương
Đỗ Thị Hoàng Khanh,PPCT_Toan6,TOAN,6,"19,20","48,49",Luyện tập chung
Đỗ Thị Hoàng Khanh,PPCT_Toan6,TOAN,6,20,"50,51",Bài 25. Phép cộng và phép trừ phân số
Đỗ Thị Hoàng Khanh,PPCT_Toan6,TOAN,6,21,"52,53",Bài 26. Phép nhân và phép chia phân số
Đỗ Thị Hoàng Khanh,PPCT_Toan6,TOAN,6,21,54,Bài 27. Hai bài toán về phân số
Đỗ Thị Hoàng Khanh,PPCT_Toan6,TOAN,6,22,"55,56,57",Luyện tập chung
Đỗ Thị Hoàng Khanh,PPCT_Toan6,TOAN,6,23,58,Bài tập chương VI
Đỗ Thị Hoàng Khanh,PPCT_Toan6,TOAN,6,23,59,Bài 28. Số thập phân
Đỗ Thị Hoàng Khanh,PPCT_Toan6,TOAN,6,"23,24","60,61,62,63",Bài 29. Tính toán với số thập phân
Đỗ Thị Hoàng Khanh,PPCT_Toan6,TOAN,6,25,64,Bài 30. Làm tròn và ước lượng
Đỗ Thị Hoàng Khanh,PPCT_Toan6,TOAN,6,25,65,Bài 31. Một số bài toán về tỉ số và tỉ số phần trăm
Đỗ Thị Hoàng Khanh,PPCT_Toan6,TOAN,6,25,66,Ôn tập giữa kì II
Đỗ Thị Hoàng Khanh,PPCT_Toan6,TOAN,6,26,"67,68",Kiểm tra giữa kì II
Đỗ Thị Hoàng Khanh,PPCT_Toan6,TOAN,6,26,69,Bài 31. Một số bài toán về tỉ số và tỉ số phần trăm
Đỗ Thị Hoàng Khanh,PPCT_Toan6,TOAN,6,27,"70,71",Luyện tập chung
Đỗ Thị Hoàng Khanh,PPCT_Toan6,TOAN,6,27,72,Bài tập cuối chương VII
Đỗ Thị Hoàng Khanh,PPCT_Toan6,TOAN,6,28,"73,74",Bài 38. Dữ liệu và thu thập dữ liệu
Đỗ Thị Hoàng Khanh,PPCT_Toan6,TOAN,6,"28,29","75,76",Bài 39. Bảng thống kê và biểu đồ tranh
Đỗ Thị Hoàng Khanh,PPCT_Toan6,TOAN,6,29,"77,78",Bài 40. Biểu đồ cột
Đỗ Thị Hoàng Khanh,PPCT_Toan6,TOAN,6,30,"79,80",Bài 41. Biểu đồ cột kép
Đỗ Thị Hoàng Khanh,PPCT_Toan6,TOAN,6,"30,31","81,82",Luyện tập chung
Đỗ Thị Hoàng Khanh,PPCT_Toan6,TOAN,6,31,"83,84","Bài 42. Kết quả có thể và sự kiện trong trò chơi, thí nghiệm"
Đỗ Thị Hoàng Khanh,PPCT_Toan6,TOAN,6,32,85,Ôn tập cuối kì 2
Đỗ Thị Hoàng Khanh,PPCT_Toan6,TOAN,6,33,86,Bài 43. Xác suất thực nghiệm
Đỗ Thị Hoàng Khanh,PPCT_Toan6,TOAN,6,34,87,Luyện tập chung
Đỗ Thị Hoàng Khanh,PPCT_Toan6,TOAN,6,35,"88,89",Bài tập chương IX
Đỗ Thị Hoàng Khanh,PPCT_Toan6,TOAN,6,"1,2,3","1,2,3",Bài 18. Hình tam giác đều. Hình vuông. Hình lục giác đều (Phần Hình học)
Đỗ Thị Hoàng Khanh,PPCT_Toan6,TOAN,6,"4,5,6","4,5,6",Bài 19. Hình chữ nhật. Hình thoi. Hình bình hành. Hình thang cân
Đỗ Thị Hoàng Khanh,PPCT_Toan6,TOAN,6,"7,8,9","7,8,9",Bài 20. Chu vi và diện tích của một số tứ giác đã học
Đỗ Thị Hoàng Khanh,PPCT_Toan6,TOAN,6,10,"10,11",Luyện tập chung (Hình học)
Đỗ Thị Hoàng Khanh,PPCT_Toan6,TOAN,6,11,12,Bài tập chương IV
Đỗ Thị Hoàng Khanh,PPCT_Toan6,TOAN,6,"11,12","13,14",Bài 21. Hình có trục đối xứng
Đỗ Thị Hoàng Khanh,PPCT_Toan6,TOAN,6,"12,13","15,16",Bài 22. Hình có tâm đối xứng
Đỗ Thị Hoàng Khanh,PPCT_Toan6,TOAN,6,"13,14","17,18",Luyện tập chung (Hình học)
Đỗ Thị Hoàng Khanh,PPCT_Toan6,TOAN,6,14,19,Bài tập chương V
Đỗ Thị Hoàng Khanh,PPCT_Toan6,TOAN,6,15,20,HĐTHTN. Sử dụng máy tính cầm tay
Đỗ Thị Hoàng Khanh,PPCT_Toan6,TOAN,6,"15,16","21,22",Bài học STEM: Tấm thiệp và phòng học của em
Đỗ Thị Hoàng Khanh,PPCT_Toan6,TOAN,6,16,23,Ôn tập học kì 1
Đỗ Thị Hoàng Khanh,PPCT_Toan6,TOAN,6,17,"24,25",Kiểm tra cuối kì 1
Đỗ Thị Hoàng Khanh,PPCT_Toan6,TOAN,6,18,"26,27",HĐTHTN. Vẽ hình đơn giản với phần mềm GeoGebra
Đỗ Thị Hoàng Khanh,PPCT_Toan6,TOAN,6,"19,20,21","28,29,30",Bài 32. Điểm và đường thẳng
Đỗ Thị Hoàng Khanh,PPCT_Toan6,TOAN,6,"22,23","31,32",Bài 33. Điểm nằm giữa hai điểm. Tia
Đỗ Thị Hoàng Khanh,PPCT_Toan6,TOAN,6,"24,25","33,34",Bài 34. Đoạn thẳng. Độ dài đoạn thẳng
Đỗ Thị Hoàng Khanh,PPCT_Toan6,TOAN,6,26,35,Bài 35. Trung điểm của đoạn thẳng
Đỗ Thị Hoàng Khanh,PPCT_Toan6,TOAN,6,"27,28","36,37",Luyện tập chung (Hình học)
Đỗ Thị Hoàng Khanh,PPCT_Toan6,TOAN,6,"29,30","38,39",Bài 36. Góc
Đỗ Thị Hoàng Khanh,PPCT_Toan6,TOAN,6,"31,32","40,41",Bài 37. Số đo góc
Đỗ Thị Hoàng Khanh,PPCT_Toan6,TOAN,6,32,42,Luyện tập chung (Hình học)
Đỗ Thị Hoàng Khanh,PPCT_Toan6,TOAN,6,32,43,Ôn tập cuối kì 2
Đỗ Thị Hoàng Khanh,PPCT_Toan6,TOAN,6,33,"44,45",Kiểm tra cuối kì 2
Đỗ Thị Hoàng Khanh,PPCT_Toan6,TOAN,6,33,46,Bài tập chương VIII
Đỗ Thị Hoàng Khanh,PPCT_Toan6,TOAN,6,34,47,HĐTHTN. Kế hoạch chi tiêu cá nhân và gia đình
Đỗ Thị Hoàng Khanh,PPCT_Toan6,TOAN,6,34,"48,49",HĐTHTN. Hoạt động thể thao nào được yêu thích nhất trong hè?
Đỗ Thị Hoàng Khanh,PPCT_Toan6,TOAN,6,35,"50,51",HĐTHTN. Vẽ hình đơn giản với phần mềm GeoGebra